[
    {
      "id": 1,
      "nama": "Ring Worm",
      "definisi": "Penyakit ring worm, atau dermatofitosis, adalah infeksi kulit, rambut, dan kuku yang disebabkan oleh jamur dermatofita. Nama \"ringworm\" berasal dari tampilan khas infeksi ini pada kulit, yang seringkali berupa bercak melingkar dengan tepi yang merah dan bersisik, menyerupai cincin. Ring worm adalah zoonosis, artinya dapat menular dari hewan ke manusia.",
      "solusi": "1. Pengobatan Topikal\r\n- Krim atau Salep Antijamur: Oleskan langsung pada lesi kulit yang terinfeksi. Beberapa produk yang umum digunakan adalah miconazole, clotrimazole, dan terbinafine.\r\n- Shampo Medis: Memandikan kucing dengan shampo antijamur yang mengandung bahan seperti ketoconazole atau lime sulfur dapat membantu mengurangi infeksi di seluruh tubuh.\r\n\r\n2. Pengobatan Sistemik\r\n- Obat Antijamur Oral: Untuk kasus yang lebih parah atau jika infeksi menyebar luas, dokter hewan mungkin meresepkan obat antijamur oral seperti itraconazole, terbinafine, atau griseofulvin. Pengobatan ini biasanya dilakukan selama beberapa minggu hingga beberapa bulan.\r\n\r\n3. Perawatan Lingkungan\r\n- Membersihkan dan Menyeterilkan: Bersihkan semua benda dan area yang mungkin terkontaminasi, seperti tempat tidur, mainan, dan sisir. Gunakan disinfektan yang efektif terhadap jamur.\r\nMenggunakan Vacuum Cleaner: Vakum karpet dan furnitur secara rutin untuk menghilangkan spora jamur.\r\n- Mencuci Barang-barang: Cuci kain dan bahan lainnya yang terkena kontak dengan kucing yang terinfeksi dalam air panas dan deterjen.\r\n\r\n4. Mengisolasi Kucing yang Terinfeksi\r\n- Pemantauan Ketat: Isolasikan kucing yang terinfeksi dari hewan lain dan manusia, terutama anak-anak dan individu dengan sistem kekebalan tubuh yang lemah, hingga pengobatan selesai dan infeksi sembuh.\r\n- Periksa Kucing Lain: Jika Anda memiliki lebih dari satu kucing, periksakan semua kucing ke dokter hewan untuk memastikan mereka tidak terinfeksi."
    },
    {
      "id": 2,
      "nama": "Scabies",
      "definisi": "Scabies adalah penyakit kulit yang disebabkan oleh infestasi tungau kecil bernama Sarcoptes scabiei. Tungau ini menggali ke dalam lapisan atas kulit untuk hidup dan bertelur, yang menyebabkan rasa gatal yang hebat dan ruam. Scabies dapat terjadi pada manusia dan hewan, termasuk kucing.",
      "solusi": "1. Pengobatan Medis\r\n- Obat Topikal: Obat yang mengandung permethrin atau lime sulfur sering digunakan untuk mengatasi scabies. Obat ini dioleskan langsung pada kulit kucing yang terinfeksi.\r\n- Obat Oral: Ivermectin adalah obat yang sering diresepkan oleh dokter hewan untuk mengatasi infeksi tungau. Milbemycin oxime juga bisa digunakan dalam beberapa kasus.\r\n- Obat Suntik: Dalam kasus yang lebih parah, dokter hewan mungkin akan memberikan suntikan ivermectin.\r\n\r\n2. Perawatan Kebersihan\r\n- Mandi Medis: Memandikan kucing dengan shampo medis yang mengandung bahan aktif untuk membunuh tungau, seperti benzoyl peroxide atau sulfurated lime, dapat membantu mengurangi infeksi.\r\n- Membersihkan Lingkungan: Cuci semua benda yang terkena kontak dengan kucing, seperti tempat tidur, mainan, dan kain, dalam air panas untuk membunuh tungau.\r\n- Disinfeksi Rumah: Bersihkan dan desinfeksi rumah secara menyeluruh, terutama area yang sering digunakan oleh kucing. Vakum karpet, furnitur, dan lantai untuk menghilangkan tungau yang mungkin berada di lingkungan.\r\n\r\n3. Isolasi dan Pencegahan\r\n- Isolasi Kucing yang Terinfeksi: Pisahkan kucing yang terinfeksi dari hewan lain untuk mencegah penularan. Pastikan mereka berada di tempat yang nyaman dan bersih selama masa pengobatan.\r\n- Periksa Kucing Lain: Jika Anda memiliki lebih dari satu kucing atau hewan peliharaan, periksakan mereka ke dokter hewan untuk memastikan mereka tidak terinfeksi.\r\n- Hindari Kontak Dekat: Minimalkan kontak langsung dengan kucing yang terinfeksi hingga pengobatan selesai."
    },
    {
      "id": 3,
      "nama": "Alergic Dermatitis",
      "definisi": "Alergi dermatitis, atau dermatitis alergi, adalah kondisi kulit yang meradang akibat reaksi alergi terhadap zat tertentu. Pada kucing, kondisi ini sering muncul sebagai respons terhadap alergi seperti makanan, serbuk sari, gigitan kutu, atau bahan kimia dalam produk perawatan.",
      "solusi": "1. Identifikasi dan Hindari Alergen\r\n- Diagnosis oleh Dokter Hewan: Konsultasikan dengan dokter hewan untuk mengidentifikasi penyebab alergi. Tes darah, tes kulit, atau diet eliminasi mungkin diperlukan untuk menentukan alergen yang spesifik.\r\n- Diet Eliminasi: Jika alergi makanan dicurigai, dokter hewan mungkin akan merekomendasikan diet eliminasi, di mana kucing hanya diberi makan makanan hypoallergenic selama beberapa minggu untuk melihat apakah gejala membaik.\r\n- Pengendalian Kutu: Pastikan kucing Anda bebas dari kutu dengan menggunakan produk pengendalian kutu yang direkomendasikan oleh dokter hewan.\r\n\r\n2. Pengobatan Medis\r\n- Obat Antihistamin: Obat seperti diphenhydramine atau cetirizine dapat membantu mengurangi gatal dan peradangan. Konsultasikan dengan dokter hewan sebelum memberikan obat antihistamin pada kucing.\r\n- Kortikosteroid: Obat steroid dapat digunakan untuk mengurangi peradangan dan gatal-gatal. Penggunaan jangka pendek biasanya efektif, tetapi harus diawasi oleh dokter hewan karena efek samping potensial.\r\n- Obat Imunosupresif: Dalam kasus alergi yang parah, obat seperti cyclosporine dapat digunakan untuk menekan respons imun yang berlebihan.\r\n- Suplemen Asam Lemak Omega-3: Suplemen ini dapat membantu mengurangi peradangan dan memperbaiki kesehatan kulit.\r\n\r\n3. Perawatan Kulit\r\n- Shampo Medis: Memandikan kucing dengan shampo medis yang mengandung bahan seperti oatmeal atau hidrokortison dapat membantu meredakan gatal dan menenangkan kulit yang teriritasi.\r\n- Krim atau Salep Topikal: Produk topikal yang mengandung kortikosteroid atau antibiotik dapat digunakan untuk mengobati lesi kulit lokal dan mencegah infeksi sekunder.\r\n\r\n4. Perawatan Lingkungan\r\n- Membersihkan Rumah: Bersihkan rumah secara rutin untuk menghilangkan alergen lingkungan seperti debu, serbuk sari, atau jamur. Vakum karpet, lantai, dan furnitur secara teratur.\r\nMenggunakan Penjernih Udara: Penjernih udara dapat membantu mengurangi alergen udara di rumah.\r\n- Hindari Bahan Kimia Iritan: Hindari penggunaan bahan kimia yang kuat atau produk pembersih yang dapat mengiritasi kulit kucing."
    },
    {
      "id": 4,
      "nama": "Kutu Lice",
      "definisi": "Kutu atau lice adalah parasit kecil yang hidup di kulit dan bulu hewan, termasuk kucing. Mereka menyebabkan ketidaknyamanan dan iritasi dengan menghisap darah atau memakan serpihan kulit inangnya. Kutu dapat menyebabkan berbagai masalah kesehatan, termasuk gatal-gatal, infeksi sekunder, dan anemia pada infestasi yang parah.",
      "solusi": "1. Pengobatan Medis\r\n- Obat Topikal: Produk antiparasit topikal yang mengandung bahan seperti fipronil, selamectin, atau imidakloprid bisa efektif membunuh kutu. Produk ini biasanya dioleskan pada kulit di bagian belakang leher kucing.\r\n- Obat Oral: Dokter hewan mungkin akan meresepkan obat oral seperti nitenpyram yang membunuh kutu dewasa dengan cepat.\r\n- Shampo Medis: Memandikan kucing dengan shampo antiparasit yang mengandung bahan aktif seperti pyrethrin atau permethrin dapat membantu membunuh kutu. Pastikan produk yang digunakan aman untuk kucing.\r\n\r\n2. Perawatan Kebersihan\r\n- Membersihkan Lingkungan: Cuci semua benda yang mungkin terkontaminasi oleh kutu, seperti tempat tidur, mainan, dan kain, dengan air panas. Vakum karpet, lantai, dan furnitur secara rutin untuk menghilangkan telur dan kutu yang mungkin bersembunyi.\r\n- Desinfeksi Rumah: Gunakan disinfektan yang efektif terhadap kutu dan telur kutu di seluruh area rumah, terutama di tempat yang sering digunakan oleh kucing.\r\n\r\n3. Perawatan Kucing\r\n- Penyisiran Rutin: Gunakan sisir khusus untuk kutu (lice comb) untuk menyisir bulu kucing secara rutin. Ini membantu menghilangkan kutu dewasa, telur, dan larva dari bulu kucing.\r\n- Perhatikan Gejala: Amati tanda-tanda iritasi kulit, kerontokan bulu, atau luka garukan yang mungkin disebabkan oleh gigitan kutu. Jika gejala memburuk atau tidak membaik, segera konsultasikan dengan dokter hewan.\r\n\r\n4. Pencegahan Infestasi Ulang\r\n- Produk Pencegahan: Gunakan produk pencegahan kutu yang direkomendasikan oleh dokter hewan secara rutin untuk mencegah infestasi ulang. Produk ini bisa berupa spot-on, kalung antiparasit, atau obat oral.\r\n- Isolasi Kucing yang Terinfeksi: Pisahkan kucing yang terinfeksi dari hewan lain hingga pengobatan selesai dan infestasi kutu hilang. Ini mencegah penyebaran kutu ke hewan lain."
    },
    {
      "id": 5,
      "nama": "Eosinophilic Granuloma",
      "definisi": "Eosinophilic granuloma adalah salah satu dari tiga kondisi dalam kompleks eosinophilic granuloma, yang merupakan reaksi inflamasi kronis pada kucing yang melibatkan eosinofil, yaitu sejenis sel darah putih yang berperan dalam respon alergi dan infeksi parasit. Kompleks ini mencakup tiga bentuk utama: plak eosinofilik, ulkus eosinofilik, dan granuloma eosinofilik.",
      "solusi": "1. Identifikasi dan Hindari Alergen\r\n- Pengendalian Kutu: Pastikan kucing bebas dari kutu dengan menggunakan produk pengendalian kutu yang direkomendasikan oleh dokter hewan. Infeksi kutu adalah salah satu penyebab umum dari EGC.\r\n- Diet Eliminasi: Jika alergi makanan dicurigai, lakukan diet eliminasi dengan memberikan makanan hypoallergenic untuk mengidentifikasi alergen yang mungkin.\r\n- Hindari Alergen Lingkungan: Identifikasi dan kurangi paparan kucing terhadap alergen lingkungan seperti serbuk sari, debu, atau jamur.\r\n\r\n2. Pengobatan Medis\r\n- Kortikosteroid: Obat ini sering digunakan untuk mengurangi peradangan dan mengontrol reaksi alergi. Dokter hewan mungkin akan meresepkan prednisolone atau dexamethasone untuk jangka pendek atau sesuai kebutuhan.\r\n- Obat Imunosupresif: Dalam kasus yang lebih parah atau ketika kortikosteroid tidak efektif, obat seperti cyclosporine atau chlorambucil bisa digunakan untuk menekan sistem kekebalan tubuh.\r\nAntibiotik: Jika ada infeksi sekunder akibat luka atau lecet, antibiotik mungkin diperlukan untuk mengatasi infeksi tersebut.\r\n- Obat Antihistamin: Antihistamin seperti cetirizine atau diphenhydramine dapat membantu mengurangi gatal dan reaksi alergi pada beberapa kucing.\r\n\r\n3. Perawatan Topikal\r\n- Krim atau Salep Kortikosteroid: Oleskan pada lesi kulit yang terinfeksi untuk meredakan peradangan dan gatal.\r\n- Shampo Medis: Memandikan kucing dengan shampo medis yang mengandung bahan-bahan yang menenangkan kulit dapat membantu mengurangi iritasi dan peradangan."
    },
    {
      "id": 6,
      "nama": "Abses",
      "definisi": "Abses adalah kumpulan nanah yang terbentuk di dalam jaringan tubuh akibat infeksi bakteri. Pada kucing, abses sering terjadi akibat gigitan atau cakaran selama perkelahian dengan kucing lain atau hewan lain. Abses dapat terjadi di mana saja di tubuh, tetapi paling sering ditemukan di kepala, leher, dan kaki.",
      "solusi": "1. Pemeriksaan oleh Dokter Hewan\r\n- Diagnosis: Kunjungi dokter hewan untuk pemeriksaan dan diagnosis yang akurat. Dokter hewan mungkin akan melakukan pemeriksaan fisik dan, jika diperlukan, tes laboratorium untuk menentukan penyebab infeksi.\r\n- Drainase: Dokter hewan akan membuka dan menguras abses untuk mengeluarkan nanah. Ini penting untuk membersihkan infeksi dan mempercepat penyembuhan.\r\n\r\n2. Pengobatan Medis\r\n- Antibiotik: Dokter hewan akan meresepkan antibiotik untuk mengatasi infeksi bakteri. Pastikan untuk memberikan obat sesuai instruksi dan menyelesaikan seluruh kursus antibiotik.\r\n- Obat Anti-inflamasi: Obat anti-inflamasi atau analgesik mungkin diresepkan untuk mengurangi rasa sakit dan peradangan.\r\n\r\n3. Perawatan Luka di Rumah\r\n- Membersihkan Luka: Bersihkan luka dengan larutan antiseptik yang direkomendasikan oleh dokter hewan, seperti larutan povidone-iodine yang diencerkan atau saline steril. Hindari penggunaan hidrogen peroksida atau alkohol, karena dapat memperlambat penyembuhan.\r\n- Penggunaan Kompres Hangat: Terapkan kompres hangat pada area abses beberapa kali sehari untuk meningkatkan aliran darah dan membantu nanah keluar.\r\n\r\n4. Perawatan Kebersihan\r\n- Menjaga Kebersihan Lingkungan: Pastikan area tempat kucing tinggal bersih dan bebas dari benda tajam atau berbahaya yang dapat menyebabkan cedera.\r\n- Memantau Aktivitas: Batasi aktivitas kucing selama masa penyembuhan untuk mencegah luka terbuka kembali atau terinfeksi ulang."
    },
    {
      "id": 7,
      "nama": "Kulit Kering atau Ketombe",
      "definisi": "Kulit kering dan ketombe pada kucing adalah kondisi dimana kucing memiliki banyak ketombe pada bulu yang dapat menyebabkan ketidaknyamanan dan masalah kesehatan jika tidak ditangani dengan baik.",
      "solusi": "1. Perawatan Nutrisi\r\n- Makanan Berkualitas Tinggi: Pastikan kucing Anda mendapatkan makanan yang seimbang dan berkualitas tinggi, kaya akan protein, asam lemak omega-3, dan omega-6. Pilih makanan yang diformulasikan khusus untuk kesehatan kulit dan bulu.\r\n- Suplemen Asam Lemak: Tambahkan suplemen asam lemak omega-3 dan omega-6 ke dalam diet kucing. Suplemen ini dapat membantu meningkatkan kesehatan kulit dan mengurangi ketombe. Konsultasikan dengan dokter hewan sebelum memberikan suplemen.\r\n\r\n2. Pengelolaan Lingkungan\r\n- Pelembap Udara: Gunakan pelembap udara (humidifier) di rumah Anda untuk menjaga kelembapan udara, terutama selama musim dingin atau di lingkungan yang kering.\r\n- Tempat Tidur yang Bersih dan Nyaman: Pastikan kucing memiliki tempat tidur yang bersih dan nyaman. Cuci tempat tidur secara rutin untuk menghilangkan debu dan alergen.\r\n\r\n3. Perawatan Kulit dan Bulu\r\n- Memandikan Kucing: Memandikan kucing secara berkala dengan shampo yang diformulasikan khusus untuk kucing, yang mengandung bahan pelembap seperti oatmeal atau aloe vera. Hindari shampo yang mengandung bahan kimia keras.\r\n- Menyisir Bulu: Menyisir bulu kucing secara rutin dengan sisir yang lembut dapat membantu menghilangkan kulit mati dan ketombe, serta merangsang produksi minyak alami kulit.\r\n\r\n4. Pengobatan Medis\r\n- Obat Anti-parasit: Jika ketombe disebabkan oleh parasit seperti kutu atau tungau, dokter hewan mungkin akan meresepkan obat antiparasit.\r\n- Pengobatan untuk Kondisi Medis: Jika kulit kering dan ketombe disebabkan oleh kondisi medis seperti infeksi jamur, alergi, atau gangguan hormonal, dokter hewan akan meresepkan pengobatan yang sesuai."
    },
    {
      "id": 8,
      "nama": "Miasis",
      "definisi": "Miasis adalah kondisi medis pada hewan (termasuk kucing) atau manusia yang disebabkan oleh infestasi larva lalat di dalam jaringan hidup atau dalam luka terbuka. Lalat betina menaruh telurnya di atau dekat luka atau area dengan kelembapan tinggi, seperti hidung, telinga, atau area genital. Larva yang menetas dari telur-telur ini kemudian menembus kulit atau jaringan inang untuk tumbuh dan berkembang biak, menyebabkan infeksi dan kerusakan jaringan yang serius jika tidak diobati.\r\nMiasis sering terjadi pada hewan yang terinfeksi, terutama yang hidup di lingkungan yang kotor atau di mana sanitasi kurang diperhatikan. Infeksi dapat menyebabkan rasa sakit, infeksi sekunder, dan bahkan kematian jika tidak diobati dengan cepat dan tepat.",
      "solusi": "1. Segera Kunjungi Dokter Hewan\r\n- Diagnosis dan Perawatan Profesional: Kunjungi dokter hewan segera setelah Anda mendeteksi miasis pada kucing. Dokter hewan akan membersihkan dan merawat luka, menghilangkan larva lalat, dan memberikan perawatan yang diperlukan.\r\n\r\n2. Pengobatan Medis\r\n- Pengangkatan Larva: Dokter hewan akan secara manual mengeluarkan larva lalat dari luka. Ini mungkin memerlukan sedasi atau anestesi, tergantung pada tingkat keparahan infeksi dan kenyamanan kucing.\r\n- Pembersihan Luka: Luka akan dibersihkan secara menyeluruh untuk menghilangkan semua larva dan jaringan yang terinfeksi.\r\n- Antibiotik: Dokter hewan mungkin akan meresepkan antibiotik untuk mencegah atau mengobati infeksi bakteri sekunder.\r\n- Obat Anti-inflamasi dan Analgesik: Untuk mengurangi peradangan dan rasa sakit, obat anti-inflamasi dan analgesik mungkin diresepkan.\r\n\r\n3. Perawatan di Rumah\r\n- Membersihkan Luka: Ikuti petunjuk dokter hewan untuk membersihkan dan merawat luka di rumah. Gunakan larutan antiseptik yang direkomendasikan, seperti larutan saline steril atau povidone-iodine yang diencerkan.\r\n- Mengawasi Luka: Amati luka secara teratur untuk tanda-tanda infeksi atau komplikasi lebih lanjut. Jika Anda melihat nanah, kemerahan yang semakin parah, atau tanda-tanda lain yang mengkhawatirkan, segera hubungi dokter hewan.\r\n\r\n4. Pencegahan Miasis\r\n- Pengendalian Lalat: Mengurangi populasi lalat di sekitar rumah dan tempat tinggal kucing dengan menjaga kebersihan lingkungan dan menggunakan perangkap lalat atau insektisida yang aman.\r\n- Menjaga Kebersihan: Pastikan kucing dan lingkungannya tetap bersih. Luka terbuka harus segera dirawat dan ditutup untuk mencegah lalat bertelur di dalamnya.\r\n- Penggunaan Produk Pencegahan Parasit: Produk antiparasit yang direkomendasikan oleh dokter hewan dapat membantu mencegah infestasi lalat dan parasit lainnya."
    },
    {
      "id": 9,
      "nama": "Feline Acne",
      "definisi": "Feline acne pada kucing adalah kondisi kulit yang sering muncul di dagu dan bibir bawah kucing. Kondisi ini ditandai oleh pembentukan komedo (blackheads), pustula (jerawat bernanah), dan kadang-kadang menyebabkan peradangan atau infeksi sekunder. Feline acne bisa disebabkan oleh berbagai faktor, termasuk kebersihan yang buruk, stres, alergi, atau penggunaan mangkuk makanan yang tidak cocok.",
      "solusi": "1. Membersihkan Area yang Terkena\r\n- Pembersihan Rutin: Bersihkan dagu kucing secara rutin dengan kain lembut yang dibasahi air hangat atau dengan larutan antiseptik ringan yang direkomendasikan oleh dokter hewan.\r\n- Shampo Medis: Gunakan shampo khusus yang mengandung benzoyl peroxide atau chlorhexidine untuk membersihkan area yang terkena.\r\n\r\n2. Penggunaan Produk Topikal\r\n- Krim atau Gel Antibiotik: Oleskan krim antibiotik yang diresepkan oleh dokter hewan untuk mengatasi infeksi bakteri.\r\n- Krim atau Gel Antijamur: Jika ada infeksi jamur, dokter hewan mungkin akan meresepkan krim antijamur.\r\n- Obat Anti-Inflamasi: Krim kortikosteroid mungkin diresepkan untuk mengurangi peradangan.\r\n\r\n3. Mengganti Mangkuk Makanan\r\n- Mangkuk Keramik atau Stainless Steel: Hindari penggunaan mangkuk plastik karena dapat menimbulkan reaksi alergi dan menumpuk bakteri. Gunakan mangkuk yang terbuat dari keramik atau stainless steel dan cuci mangkuk secara rutin.\r\n\r\n4. Pengendalian Stres\r\n- Lingkungan yang Tenang: Buat lingkungan yang tenang dan nyaman untuk kucing untuk mengurangi stres.\r\n- Mainan dan Aktivitas: Berikan mainan dan aktivitas yang cukup untuk mengurangi stres kucing."
    },
    {
      "id": 10,
      "nama": "Dermotofitosis",
      "definisi": "Dermatofitosis adalah infeksi jamur pada kulit yang disebabkan oleh kelompok jamur yang dikenal sebagai dermatofit. Jamur ini menyerang lapisan luar kulit, bulu, dan kuku, dan dapat menyebabkan berbagai masalah kulit pada hewan, termasuk kucing, anjing, dan hewan peliharaan lainnya.",
      "solusi": "1. Pengobatan Medis Obat Antijamur Topikal\r\n- Shampo Antijamur: Gunakan shampo yang mengandung bahan antijamur seperti ketoconazole, miconazole, atau chlorhexidine. Mandi kucing dengan shampo ini dapat membantu menghilangkan jamur dari permukaan kulit.\r\n- Krim atau Salep Antijamur: Oleskan krim atau salep antijamur pada area yang terkena. Pilih produk yang direkomendasikan oleh dokter hewan.\r\nObat Antijamur Oral\r\n- Itraconazole atau Griseofulvin: Untuk infeksi yang lebih parah atau meluas, dokter hewan mungkin akan meresepkan obat antijamur oral seperti itraconazole atau griseofulvin. Obat ini membantu membunuh jamur dari dalam tubuh.\r\n- Konsistensi Pengobatan: Pastikan untuk mengikuti instruksi dokter hewan dan menyelesaikan seluruh kursus pengobatan, bahkan jika gejala tampak membaik lebih awal.\r\n\r\n2. Perawatan Lingkungan, Pembersihan dan Desinfeksi\r\n- Cuci Tempat Tidur dan Mainan: Cuci tempat tidur, mainan, dan benda lain yang sering digunakan kucing dengan air panas dan detergen. Gunakan disinfektan yang efektif melawan jamur seperti klorin atau produk berbasis fenol.\r\n- Desinfeksi Area Rumah: Bersihkan dan desinfeksi area tempat tinggal kucing, termasuk lantai dan furnitur. Vakum secara rutin untuk menghilangkan spora jamur yang mungkin tersebar.\r\n- Gunakan Disinfektan Antijamur: Gunakan disinfektan antijamur pada area yang terkontaminasi untuk mengurangi kemungkinan penyebaran infeksi.\r\n\r\nHindari Kontaminasi Ulang\r\n- Pisahkan Kucing Terinfeksi: Pisahkan kucing yang terinfeksi dari hewan lain hingga infeksi sembuh sepenuhnya.\r\n- Penggunaan Mangkuk dan Perlengkapan Terpisah: Gunakan mangkuk makanan dan minum yang terpisah dan bersihkan secara rutin.\r\n\r\n3. Perawatan dan Pemantauan Kucing\r\n- Perawatan Kulit yang Baik: Jaga kebersihan kulit kucing dengan menyisir dan memandikannya secara teratur. Ini membantu menghilangkan sel-sel kulit mati dan spora jamur.\r\n- Amati Perkembangan: Pantau perkembangan kondisi kulit kucing dan segera hubungi dokter hewan jika ada tanda-tanda perburukan atau jika pengobatan tidak menunjukkan hasil.\r\nNutrisi yang Baik\r\n- Makanan Berkualitas: Berikan kucing makanan yang seimbang dan bergizi untuk mendukung sistem kekebalan tubuhnya."
    },
    {
      "id": 11,
      "nama": "Pemphigus Foliaceus",
      "definisi": "Pemphigus foliaceus adalah kondisi autoimun pada kucing (dan hewan lain) yang menyebabkan pembentukan gelembung atau lepuhan di kulit dan membran mukosa. Ini adalah bentuk dari pemphigus yang merupakan penyakit autoimun di mana sistem kekebalan tubuh secara keliru menyerang sel-sel kulit yang sehat, menyebabkan kerusakan dan peradangan pada lapisan atas kulit.",
      "solusi": "1. Pengobatan Medis\r\nKortikosteroid\r\nPrednisolone: Obat anti-inflamasi seperti prednisolone sering digunakan sebagai pengobatan utama. Ini membantu mengurangi peradangan dan menekan respon imun yang abnormal. Dosis dan jadwal pengobatan harus diatur oleh dokter hewan.\r\nObat Imunosupresif\r\nCyclosporine: Digunakan jika kortikosteroid tidak efektif atau jika diperlukan tambahan pengobatan untuk mengendalikan kondisi.\r\nAzathioprine: Dapat digunakan sebagai alternatif atau tambahan pada pengobatan kortikosteroid untuk menekan sistem kekebalan tubuh.\r\nPerawatan Topikal\r\nKrim atau Salep Antiradang: Krim yang mengandung kortikosteroid atau obat anti-inflamasi lainnya dapat digunakan pada area kulit yang terkena untuk mengurangi peradangan dan iritasi.\r\nAntibiotik\r\nObat Antibiotik: Jika terdapat infeksi sekunder, dokter hewan mungkin akan meresepkan antibiotik untuk mengatasi infeksi tersebut.\r\n\r\n2. Perawatan Kulit dan Lingkungan\r\nPerawatan Luka\r\nPembersihan Rutin: Bersihkan luka dengan lembut menggunakan larutan antiseptik yang direkomendasikan oleh dokter hewan.\r\nKebersihan Kulit: Jaga kebersihan kulit dan area yang terkena untuk mencegah infeksi sekunder.\r\nLingkungan Bersih\r\nMenjaga Kebersihan: Pastikan lingkungan kucing tetap bersih dan bebas dari potensi iritasi. Cuci tempat tidur, mainan, dan benda-benda lain yang sering digunakan kucing secara teratur.\r\n\r\n3. Manajemen dan Pemantauan\r\nKunjungan Rutin ke Dokter Hewan\r\nPemantauan Berkala: Lakukan kunjungan rutin untuk memantau perkembangan kondisi, menilai efektivitas pengobatan, dan menyesuaikan dosis obat jika diperlukan.\r\nEfek Samping Pengobatan\r\nPantau Efek Samping: Amati efek samping dari pengobatan, seperti peningkatan nafsu makan, peningkatan berat badan, atau masalah pencernaan, dan segera laporkan kepada dokter hewan."
    }
  ]